name,source_id,zip_link,pdf_link
Journey,0,Journey-1,Journey-1
Jealous Number,1,Jealous_Number-2,Jealous_Number-2
Kripke Model,2,Kripke_Model-3,Kripke_Model-3
Drive through MegaCity,3,Drive_through_MegaCity-4,Drive_through_MegaCity-4
Enigmatic Device,4,Enigmatic_Device-5,Enigmatic_Device-5
Fibonacci System,5,Fibonacci_System-6,Fibonacci_System-6
Genealogy,6,Genealogy-7,Genealogy-7
High security,7,High_security-8,High_security-8
Ideal Frame,8,Ideal_Frame-9,Ideal_Frame-9
John's Inversions,9,Johns_Inversions-10,Johns_Inversions-10
Kids Like Cakes,10,Kids_Like_Cakes-11,Kids_Like_Cakes-11
Confectionary,11,Confectionary-12,Confectionary-12
Asteroids,12,Asteroids-1,Asteroids-1
Binary Operation,13,Binary_Operation-2,Binary_Operation-2
Cactus,14,Cactus-3,Cactus-3
Diver,15,Diver-4,Diver-4
Exclusive Access,16,Exclusive_Access-5,Exclusive_Access-5
Aerodynamics,17,Aerodynamics-6,Aerodynamics-6
Game,18,Game-7,Game-7
Hanoi Towers,19,Hanoi_Towers-8,Hanoi_Towers-8
GCD Guessing Game,20,GCD_Guessing_Game-9,GCD_Guessing_Game-9
Jungle Outpost,21,Jungle_Outpost-10,Jungle_Outpost-10
Knockdown,22,Knockdown-11,Knockdown-11
Language Recognition,23,Language_Recognition-12,Language_Recognition-12
The Motorway,24,The_Motorway-1,The_Motorway-1
Bytehattan,25,Bytehattan-2,Bytehattan-2
The Carpenter,26,The_Carpenter-3,The_Carpenter-3
Demonstrations,27,Demonstrations-4,Demonstrations-4
The Exam,28,The_Exam-5,The_Exam-5
Speed Cameras,29,Speed_Cameras-6,Speed_Cameras-6
Marbles,30,Marbles-7,Marbles-7
The Hero,31,The_Hero-8,The_Hero-8
Genetic Engineering,32,Genetic_Engineering-9,Genetic_Engineering-9
Janosik,33,Janosik-10,Janosik-10
Blankets,34,Blankets-11,Blankets-11
Teleportation,35,Teleportation-1,Teleportation-1
Sheep,36,Sheep-2,Sheep-2
Bridges,37,Bridges-3,Bridges-3
Ice Skates,38,Ice_Skates-4,Ice_Skates-4
Blockade,39,Blockade-5,Blockade-5
Subdivision of Kingdom,40,Subdivision_of_Kingdom-6,Subdivision_of_Kingdom-6
Triangles,41,Triangles-7,Triangles-7
Queries,42,Queries-8,Queries-8
Megalopolis,43,Megalopolis-9,Megalopolis-9
Gas Pipelines,44,Gas_Pipelines-10,Gas_Pipelines-10
Weights,45,Weights-11,Weights-11
Subway,46,Subway-12,Subway-12
Axes of Symmetry,47,Axes_of_Symmetry-1,Axes_of_Symmetry-1
Schools,48,Schools-2,Schools-2
The Invasion,49,The_Invasion-3,The_Invasion-3
Ploughing,50,Ploughing-4,Ploughing-4
Crystals,51,Crystals-5,Crystals-5
Points,52,Points-6,Points-6
Toy Cars,53,Toy_Cars-7,Toy_Cars-7
Template,54,Template-8,Template-8
Special Forces Manoeuvres,55,Special_Forces_Manoeuvres-9,Special_Forces_Manoeuvres-9
Double-row,56,Double-row-10,Double-row-10
The Bus,57,The_Bus-11,The_Bus-11
Dextrogyrate Camel,58,Dextrogyrate_Camel-12,Dextrogyrate_Camel-12
Atomic Energy,59,Atomic_Energy-1,Atomic_Energy-1
Bulldozer,60,Bulldozer-2,Bulldozer-2
Contest Struggles,61,Contest_Struggles-3,Contest_Struggles-3
Dragon Balls,62,Dragon_Balls-4,Dragon_Balls-4
Endgame,63,Endgame-5,Endgame-5
Flight Collision,64,Flight_Collision-6,Flight_Collision-6
Great Expectations,65,Great_Expectations-7,Great_Expectations-7
Hot Springs,66,Hot_Springs-8,Hot_Springs-8
Island Tour,67,Island_Tour-9,Island_Tour-9
Joint Excavation,68,Joint_Excavation-10,Joint_Excavation-10
Keyboardd,69,Keyboardd-11,Keyboardd-11
Bingo Ties,70,Bingo_Ties-1,Bingo_Ties-1
Das Blinkenlights,71,Das_Blinkenlights-2,Das_Blinkenlights-2
Ebony and Ivory,72,Ebony_and_Ivory-3,Ebony_and_Ivory-3
Froggie,73,Froggie-4,Froggie-4
Fruit Slicer,74,Fruit_Slicer-5,Fruit_Slicer-5
Relay Race,75,Relay_Race-6,Relay_Race-6
Left and Right,76,Left_and_Right-7,Left_and_Right-7
T-net,77,T-net-8,T-net-8
Cow Camp,78,Cow_Camp-9,Cow_Camp-9
Peg Game for Two,79,Peg_Game_for_Two-10,Peg_Game_for_Two-10
"Run-Length Encoding, Run!",80,Run-Length_Encoding_Run-11,Run-Length_Encoding_Run-11
Moo Network,81,Moo_Network-12,Moo_Network-12
Apple Catching,82,Apple_Catching-1,Apple_Catching-1
Hoof and Brain,83,Hoof_and_Brain-3,Hoof_and_Brain-3
JackRabbit Slim,84,JackRabbit_Slim-5,JackRabbit_Slim-5
Paint by Rectangles,85,Paint_by_Rectangles-6,Paint_by_Rectangles-6
Pair Programming,86,Pair_Programming-9,Pair_Programming-9
Image Processing Project,87,Image_Processing_Project-10,Image_Processing_Project-10
Sleeping in Class,88,Sleeping_in_Class-11,Sleeping_in_Class-11
Up Down Subsequence,89,Up_Down_Subsequence-12,Up_Down_Subsequence-12
Circuit Math,90,Circuit_Math-1,Circuit_Math-1
Commemorative Dice,91,Commemorative_Dice-2,Commemorative_Dice-2
Dessert Cafe,92,Dessert_Cafe-3,Dessert_Cafe-3
Missing Numbers,93,Missing_Numbers-4,Missing_Numbers-4
Imprecise Computer,94,Imprecise_Computer-5,Imprecise_Computer-5
Prospecting,95,Prospecting-6,Prospecting-6
Mobile Robot,96,Mobile_Robot-7,Mobile_Robot-7
Needle,97,Needle-8,Needle-8
Slow Leak,98,Slow_Leak-9,Slow_Leak-9
Stop Counting!,99,Stop_Counting-10,Stop_Counting-10
Summer Trip,100,Summer_Trip-11,Summer_Trip-11
Traveling Merchant,101,Traveling_Merchant-12,Traveling_Merchant-12
Zipline,102,Zipline-13,Zipline-13
Autonomous Vehicle,103,Autonomous_Vehicle-1,Autonomous_Vehicle-1
Electric Vehicle,104,Electric_Vehicle-4,Electric_Vehicle-4
Ink Mix,105,Ink_Mix-6,Ink_Mix-6
Stock Analysis,106,Stock_Analysis-9,Stock_Analysis-9
Switches,107,Switches-10,Switches-10
Tiling Polyomino,108,Tiling_Polyomino-11,Tiling_Polyomino-11
Two Buildings,109,Two_Buildings-12,Two_Buildings-12
Altruistic Amphibians,110,Altruistic_Amphibians-1,Altruistic_Amphibians-1
Baby Bites,111,Baby_Bites-2,Baby_Bites-2
Code Cleanups,112,Code_Cleanups-3,Code_Cleanups-3
Delivery Delays,113,Delivery_Delays-4,Delivery_Delays-4
Explosion Exploit,114,Explosion_Exploit-5,Explosion_Exploit-5
Firing the Phaser,115,Firing_the_Phaser-6,Firing_the_Phaser-6
Game Scheduling,116,Game_Scheduling-7,Game_Scheduling-7
House Lawn,117,House_Lawn-8,House_Lawn-8
Intergalactic Bidding,118,Intergalactic_Bidding-9,Intergalactic_Bidding-9
Jumbled String,119,Jumbled_String-10,Jumbled_String-10
King's Colors,120,Kings_Colors-11,Kings_Colors-11
Archery Tournament,121,Archery_Tournament-1,Archery_Tournament-1
Box,122,Box-2,Box-2
Connections,123,Connections-3,Connections-3
Designing the Toy,124,Designing_the_Toy-4,Designing_the_Toy-4
Easy Quest,125,Easy_Quest-5,Easy_Quest-5
The Final Level,126,The_Final_Level-6,The_Final_Level-6
The Great Wall,127,The_Great_Wall-7,The_Great_Wall-7
Hack,128,Hack-8,Hack-8
Interactive Sort,129,Interactive_Sort-9,Interactive_Sort-9
Journey from Petersburg to Moscow,130,Journey_from_Petersburg_to_Moscow-10,Journey_from_Petersburg_to_Moscow-10
Knapsack Cryptosystem,131,Knapsack_Cryptosystem-11,Knapsack_Cryptosystem-11
Laminar Family,132,Laminar_Family-12,Laminar_Family-12
Alter Board,133,Alter_Board-1,Alter_Board-1
Burrito King,134,Burrito_King-2,Burrito_King-2
Cactus Generator,135,Cactus_Generator-3,Cactus_Generator-3
Damage Assessment,136,Damage_Assessment-4,Damage_Assessment-4
Epic Win!,137,Epic_Win-5,Epic_Win-5
Filter,138,Filter-6,Filter-6
Gomoku,139,Gomoku-7,Gomoku-7
Hidden Maze,140,Hidden_Maze-8,Hidden_Maze-8
Improvements,141,Improvements-9,Improvements-9
Jokewithpermutation,142,Jokewithpermutation-10,Jokewithpermutation-10
Knockout Racing,143,Knockout_Racing-11,Knockout_Racing-11
Arena Survival,144,Arena_Survival-1,Arena_Survival-1
Best Burger in Macon,145,Best_Burger_in_Macon-2,Best_Burger_in_Macon-2
Digits Are Not Just Characters,146,Digits_Are_Not_Just_Characters-3,Digits_Are_Not_Just_Characters-3
Comedy Show,147,Comedy_Show-4,Comedy_Show-4
Dog Park,148,Dog_Park-5,Dog_Park-5
Drizzle,149,Drizzle-6,Drizzle-6
Arithmetic Progressions,150,Arithmetic_Progressions-7,Arithmetic_Progressions-7
Kangaroo Words,151,Kangaroo_Words-8,Kangaroo_Words-8
Shortest Common Non-Subsequence,152,Shortest_Common_Non-Subsequence-9,Shortest_Common_Non-Subsequence-9
Sixth Sense,153,Sixth_Sense-10,Sixth_Sense-10
Schordinger's Character,154,Schordingers_Character-11,Schordingers_Character-11
Emergency Evacuation,155,Emergency_Evacuation-3,Emergency_Evacuation-3
Eulerian Flight Tour,156,Eulerian_Flight_Tour-5,Eulerian_Flight_Tour-5
Fair Chocolate-Cutting,157,Fair_Chocolate-Cutting-6,Fair_Chocolate-Cutting-6
What Goes Up Must Come Down,158,What_Goes_Up_Must_Come_Down-7,What_Goes_Up_Must_Come_Down-7
Four-Coloring,159,Four-Coloring-8,Four-Coloring-8
Ranks,160,Ranks-9,Ranks-9
Colorful Tree,161,Colorful_Tree-10,Colorful_Tree-10
Artwork,162,Artwork-1,Artwork-1
Bless You Autocorrect!,163,Bless_You_Autocorrect-2,Bless_You_Autocorrect-2
Card Hand Sorting,164,Card_Hand_Sorting-3,Card_Hand_Sorting-3
Daydreaming Stockbroder,165,Daydreaming_Stockbroder-4,Daydreaming_Stockbroder-4
Exponial,166,Exponial-5,Exponial-5
Fleecing the Raffle,167,Fleecing_the_Raffle-6,Fleecing_the_Raffle-6
Game Rank,168,Game_Rank-7,Game_Rank-7
Highest Tower,169,Highest_Tower-8,Highest_Tower-8
Interception,170,Interception-9,Interception-9
Jumbled Compass,171,Jumbled_Compass-10,Jumbled_Compass-10
Keeping the Dogs Apart,172,Keeping_the_Dogs_Apart-11,Keeping_the_Dogs_Apart-11
Copying Homework,173,Copying_Homework-1,Copying_Homework-1
Cleaning Robots,174,Cleaning_Robots-2,Cleaning_Robots-2
Even Path,175,Even_Path-3,Even_Path-3
Find String in a Grid,176,Find_String_in_a_Grid-4,Find_String_in_a_Grid-4
Songwriter,177,Songwriter-5,Songwriter-5
Regular Forestation,178,Regular_Forestation-6,Regular_Forestation-6
Performance Review,179,Performance_Review-7,Performance_Review-7
Twin Buildings,180,Twin_Buildings-8,Twin_Buildings-8
Mission Possible,181,Mission_Possible-9,Mission_Possible-9
Tiling Terrace,182,Tiling_Terrace-10,Tiling_Terrace-10
Addition Robot,183,Addition_Robot-11,Addition_Robot-11
Road Construction,184,Road_Construction-12,Road_Construction-12
ASCII Automata Art,185,ASCII_Automata_Art-1,ASCII_Automata_Art-1
Button Lock,186,Button_Lock-2,Button_Lock-2
Cactus Not Enough,187,Cactus_Not_Enough-3,Cactus_Not_Enough-3
Digits,188,Digits-4,Digits-4
Equilibrium Point /\/\,189,Equilibrium_Point_-5,Equilibrium_Point_-5
Fiber Shape,190,Fiber_Shape-6,Fiber_Shape-6
Guide,191,Guide-7,Guide-7
Hard Optimization,192,Hard_Optimization-8,Hard_Optimization-8
Is It Rated?,193,Is_It_Rated-9,Is_It_Rated-9
Japanese Game,194,Japanese_Game-10,Japanese_Game-10
King's Task,195,Kings_Task-11,Kings_Task-11
The Board Room,196,The_Board_Room-1,The_Board_Room-1
Counting the delta-permutations of a string,197,Counting_the_delta-permutations_of_a_string-2,Counting_the_delta-permutations_of_a_string-2
Discord Dilemma,198,Discord_Dilemma-3,Discord_Dilemma-3
Fake Binaries,199,Fake_Binaries-4,Fake_Binaries-4
Finding Frequently Planted Motif,200,Finding_Frequently_Planted_Motif-5,Finding_Frequently_Planted_Motif-5
Frogs,201,Frogs-6,Frogs-6
Lollathon,202,Lollathon-7,Lollathon-7
Look for the Helpers,203,Look_for_the_Helpers-8,Look_for_the_Helpers-8
Meow Meow Meow,204,Meow_Meow_Meow-9,Meow_Meow_Meow-9
Superstituous Sequences,205,Superstituous_Sequences-10,Superstituous_Sequences-10
Tweet Writer,206,Tweet_Writer-11,Tweet_Writer-11
Convoluted Intervals,207,Convoluted_Intervals-1,Convoluted_Intervals-1
Gold Rush,208,Gold_Rush-2,Gold_Rush-2
Counting Haybales,209,Counting_Haybales-3,Counting_Haybales-3
Cafebazaar's Chess Tournament,210,Cafebazaars_Chess_Tournament-4,Cafebazaars_Chess_Tournament-4
The Big Surprise,211,The_Big_Surprise-5,The_Big_Surprise-5
Lets Burn and Rob Manhootan,212,Lets_Burn_and_Rob_Manhootan-6,Lets_Burn_and_Rob_Manhootan-6
Cow Frisbee,213,Cow_Frisbee-7,Cow_Frisbee-7
Farm Updates,214,Farm_Updates-8,Farm_Updates-8
HILO,215,HILO-9,HILO-9
Minimizing Haybales,216,Minimizing_Haybales-10,Minimizing_Haybales-10
Multiple Choice Test,217,Multiple_Choice_Test-11,Multiple_Choice_Test-11
Paired Up,218,Paired_Up-12,Paired_Up-12
Balanced Animals,219,Balanced_Animals-1,Balanced_Animals-1
Carryless Square Root,220,Carryless_Square_Root-2,Carryless_Square_Root-2
Checkerboard,221,Checkerboard-3,Checkerboard-3
From A to B,222,From_A_to_B-4,From_A_to_B-4
Elven Efficiency,223,Elven_Efficiency-5,Elven_Efficiency-5
Even or Odd?,224,Even_or_Odd-6,Even_or_Odd-6
"Glow, Pixel, Glow!",225,Glow_Pixel_Glow-7,Glow_Pixel_Glow-7
Jumping Path,226,Jumping_Path-8,Jumping_Path-8
Levenshtein Distance,227,Levenshtein_Distance-9,Levenshtein_Distance-9
Rainbow Strings,228,Rainbow_Strings-10,Rainbow_Strings-10
ReMorse,229,ReMorse-11,ReMorse-11
Cardinal Adjacencies,230,Cardinal_Adjacencies-2,Cardinal_Adjacencies-2
Leap Day,231,Leap_Day-3,Leap_Day-3
Leap Day Dinner,232,Leap_Day_Dinner-4,Leap_Day_Dinner-4
Party,233,Party-5,Party-5
Pigeon-Hole Proofs,234,Pigeon-Hole_Proofs-6,Pigeon-Hole_Proofs-6
Price is Right,235,Price_is_Right-7,Price_is_Right-7
Root Probability,236,Root_Probability-8,Root_Probability-8
Sidekicks,237,Sidekicks-9,Sidekicks-9
Which Side of the Office?,238,Which_Side_of_the_Office-10,Which_Side_of_the_Office-10
Evenly Separated Strings,239,Evenly_Separated_Strings-11,Evenly_Separated_Strings-11
Bottle Return,240,Bottle_Return-1,Bottle_Return-1
Comfy Deviations,241,Comfy_Deviations-2,Comfy_Deviations-2
Arthur's Table,242,Arthurs_Table-3,Arthurs_Table-3
Magic Drone,243,Magic_Drone-4,Magic_Drone-4
Chocolate Bar Game,244,Chocolate_Bar_Game-6,Chocolate_Bar_Game-6
Three Triangles,245,Three_Triangles-7,Three_Triangles-7
ICPC Standings,246,ICPC_Standings-8,ICPC_Standings-8
Ternary Machine,247,Ternary_Machine-9,Ternary_Machine-9
Stern's Sequence,248,Sterns_Sequence-11,Sterns_Sequence-11
Birthday Cake,249,Birthday_Cake-1,Birthday_Cake-1
Bumped!,250,Bumped-2,Bumped-2
Canonical Coin Systems,251,Canonical_Coin_Systems-3,Canonical_Coin_Systems-3
Cat and Mice,252,Cat_and_Mice-4,Cat_and_Mice-4
Company Picnic,253,Company_Picnic-5,Company_Picnic-5
GlitchBot,254,GlitchBot-6,GlitchBot-6
Greeting Card,255,Greeting_Card-7,Greeting_Card-7
Imperfect GPS,256,Imperfect_GPS-8,Imperfect_GPS-8
Odd Gnome,257,Odd_Gnome-9,Odd_Gnome-9
Progressive Scramble,258,Progressive_Scramble-10,Progressive_Scramble-10
Space Probe,259,Space_Probe-11,Space_Probe-11
Suspension Bridges,260,Suspension_Bridges-12,Suspension_Bridges-12
Umbral Decoding,261,Umbral_Decoding-13,Umbral_Decoding-13
Almost Balanced Tree,262,Almost_Balanced_Tree-1,Almost_Balanced_Tree-1
Brain-teaser,263,Brain-teaser-2,Brain-teaser-2
Color the Tree,264,Color_the_Tree-3,Color_the_Tree-3
Down We Dig,265,Down_We_Dig-4,Down_We_Dig-4
Easy Measurements,266,Easy_Measurements-5,Easy_Measurements-5
Find a Square,267,Find_a_Square-6,Find_a_Square-6
Geometrical Combinatorics,268,Geometrical_Combinatorics-7,Geometrical_Combinatorics-7
Hit the Hay,269,Hit_the_Hay-8,Hit_the_Hay-8
Interactive Knockout,270,Interactive_Knockout-9,Interactive_Knockout-9
Jumping Cat,271,Jumping_Cat-10,Jumping_Cat-10
Kate's 2021 Celebration,272,Kates_2021_Celebration-11,Kates_2021_Celebration-11
Lookup Performance,273,Lookup_Performance-12,Lookup_Performance-12
Miser,274,Miser-13,Miser-13
New Flat,275,New_Flat-14,New_Flat-14
Optimum Server Location,276,Optimum_Server_Location-15,Optimum_Server_Location-15
Hex Code,277,Hex_Code-1,Hex_Code-1
Bang for your Buck,278,Bang_for_your_Buck-2,Bang_for_your_Buck-2
Election,279,Election-3,Election-3
Fit the Word,280,Fit_the_Word-4,Fit_the_Word-4
Graze the Rainbow,281,Graze_the_Rainbow-5,Graze_the_Rainbow-5
Programming Contest Strategy,282,Programming_Contest_Strategy-6,Programming_Contest_Strategy-6
"Quick, Find an Oasis!",283,Quick_Find_an_Oasis-7,Quick_Find_an_Oasis-7
Serious Sudoku,284,Serious_Sudoku-8,Serious_Sudoku-8
Spelling Bee,285,Spelling_Bee-9,Spelling_Bee-9
Aquarium,286,Aquarium-10,Aquarium-10
Tom and Jerry,287,Tom_and_Jerry-11,Tom_and_Jerry-11
Contest Strategy,288,Contest_Strategy-2,Contest_Strategy-2
Terrorists,289,Terrorists-3,Terrorists-3
Queue of Soldiers,290,Queue_of_Soldiers-5,Queue_of_Soldiers-5
Jumping Joey,291,Jumping_Joey-6,Jumping_Joey-6
Primorial vs LCM,292,Primorial_vs_LCM-7,Primorial_vs_LCM-7
Automatic Scholarship Calculation,293,Automatic_Scholarship_Calculation-8,Automatic_Scholarship_Calculation-8
Sunlight on a Tree,294,Sunlight_on_a_Tree-10,Sunlight_on_a_Tree-10
Angry Birds,295,Angry_Birds-11,Angry_Birds-11
Donation Packaging,296,Donation_Packaging-12,Donation_Packaging-12
Godzilla,297,Godzilla-1,Godzilla-1
Stars,298,Stars-2,Stars-2
Collector of Bytemons,299,Collector_of_Bytemons-3,Collector_of_Bytemons-3
Laser Billiards,300,Laser_Billiards-4,Laser_Billiards-4
Painter,301,Painter-5,Painter-5
Kindergarten,302,Kindergarten-6,Kindergarten-6
Harsh Winter,303,Harsh_Winter-7,Harsh_Winter-7
Trams,304,Trams-8,Trams-8
Independent Sets,305,Independent_Sets-9,Independent_Sets-9
Printing,306,Printing-1,Printing-1
Vials,307,Vials-2,Vials-2
Dwarf Party,308,Dwarf_Party-3,Dwarf_Party-3
Clients,309,Clients-4,Clients-4
Cliquers,310,Cliquers-5,Cliquers-5
Debt Clock,311,Debt_Clock-6,Debt_Clock-6
Ants,312,Ants-7,Ants-7
Design a Board,313,Design_a_Board-8,Design_a_Board-8
Castle,314,Castle-9,Castle-9
Blur,315,Blur-1,Blur-1
A Classy Problem,316,A_Classy_Problem-2,A_Classy_Problem-2
Egg Drop,317,Egg_Drop-3,Egg_Drop-3
Excellence,318,Excellence-4,Excellence-4
Grid,319,Grid-5,Grid-5
Wheels,320,Wheels-6,Wheels-6
The Magical 3,321,The_Magical_3-7,The_Magical_3-7
Persistence,322,Persistence-8,Persistence-8
Bricks,323,Bricks-9,Bricks-9
Good morning!,324,Good_morning-10,Good_morning-10
Xedni Drawkcab,325,Xedni_Drawkcab-11,Xedni_Drawkcab-11
Parades,326,Parades-1,Parades-1
Mountainous landscape,327,Mountainous_landscape-2,Mountainous_landscape-2
Sums,328,Sums-3,Sums-3
Can't stop playing,329,Cant_stop_playing-5,Cant_stop_playing-5
Vocabulary,330,Vocabulary-6,Vocabulary-6
Virus synthesis,331,Virus_synthesis-7,Virus_synthesis-7
Pork barrel,332,Pork_barrel-10,Pork_barrel-10
The Imp,333,The_Imp-11,The_Imp-11
Outer space invaders,334,Outer_space_invaders-12,Outer_space_invaders-12
Grade School Multiplication,335,Grade_School_Multiplication-1,Grade_School_Multiplication-1
Boss Battle,336,Boss_Battle-2,Boss_Battle-2
Pizza Pricing,337,Pizza_Pricing-3,Pizza_Pricing-3
Su-domino-ku,338,Su-domino-ku-4,Su-domino-ku-4
Refrigerator Magnets,339,Refrigerator_Magnets-5,Refrigerator_Magnets-5
Shut the Box,340,Shut_the_Box-6,Shut_the_Box-6
Sokoban,341,Sokoban-7,Sokoban-7
Crash and Go(relians),342,Crash_and_Go(relians)-8,Crash_and_Go(relians)-8
Dunglish,343,Dunglish-9,Dunglish-9
High Score,344,High_Score-10,High_Score-10
Ascending Photo,345,Ascending_Photo-1,Ascending_Photo-1
Connect the Dots,346,Connect_the_Dots-3,Connect_the_Dots-3
English Restaurant,347,English_Restaurant-5,English_Restaurant-5
Factor-Free Tree,348,Factor-Free_Tree-6,Factor-Free_Tree-6
Glyph Recognition,349,Glyph_Recognition-7,Glyph_Recognition-7
Installing Apps,350,Installing_Apps-9,Installing_Apps-9
Juggling Troupe,351,Juggling_Troupe-10,Juggling_Troupe-10
Knockout Tournament,352,Knockout_Tournament-11,Knockout_Tournament-11
Pythagoras's Revenge,353,Pythagorass_Revenge-1,Pythagorass_Revenge-1
Digit Solitaire,354,Digit_Solitaire-2,Digit_Solitaire-2
Any Way You Slice It,355,Any_Way_You_Slice_It-3,Any_Way_You_Slice_It-3
Is the Name of This Problem,356,Is_the_Name_of_This_Problem-4,Is_the_Name_of_This_Problem-4
ASCII Addition,357,ASCII_Addition-5,ASCII_Addition-5
LRU Caching,358,LRU_Caching-6,LRU_Caching-6
Jugglefest,359,Jugglefest-7,Jugglefest-7
Bounce,360,Bounce-8,Bounce-8
Book Borders,361,Book_Borders-9,Book_Borders-9
Kernel Knights,362,Kernel_Knights-10,Kernel_Knights-10
Cow Confinement,363,Cow_Confinement-3,Cow_Confinement-3
Digit Division,364,Digit_Division-4,Digit_Division-4
Export Estimate,365,Export_Estimate-5,Export_Estimate-5
Frightful Formula,366,Frightful_Formula-6,Frightful_Formula-6
Greenhouse Growth,367,Greenhouse_Growth-7,Greenhouse_Growth-7
Hovering Hornet,368,Hovering_Hornet-8,Hovering_Hornet-8
Ice Igloos,369,Ice_Igloos-9,Ice_Igloos-9
Juice Junctions,370,Juice_Junctions-10,Juice_Junctions-10
Looping Labyrinth,371,Looping_Labyrinth-12,Looping_Labyrinth-12
Islands in the Data Stream,372,Islands_in_the_Data_Stream-1,Islands_in_the_Data_Stream-1
Von Neumann's Fly,373,Von_Neumanns_Fly-2,Von_Neumanns_Fly-2
Strahler Order,374,Strahler_Order-3,Strahler_Order-3
Pisano Periods,375,Pisano_Periods-4,Pisano_Periods-4
Deranged Exams,376,Deranged_Exams-5,Deranged_Exams-5
Coolest Ski Route,377,Coolest_Ski_Route-6,Coolest_Ski_Route-6
Down the Pyramid,378,Down_the_Pyramid-7,Down_the_Pyramid-7
Expired License,379,Expired_License-8,Expired_License-8
It's Time for a Montage,380,Its_Time_for_a_Montage-9,Its_Time_for_a_Montage-9
Logic Puzzle,381,Logic_Puzzle-10,Logic_Puzzle-10
Attack on Alpha-Zet,382,Attack_on_Alpha-Zet-1,Attack_on_Alpha-Zet-1
Battle Royale,383,Battle_Royale-2,Battle_Royale-2
Fighting Monsters,384,Fighting_Monsters-6,Fighting_Monsters-6
GPS,385,GPS-7,GPS-7
Hyper Illuminati,386,Hyper_Illuminati-8,Hyper_Illuminati-8
Jigsaw Puzzle,387,Jigsaw_Puzzle-10,Jigsaw_Puzzle-10
Kitchen Cable Chaos,388,Kitchen_Cable_Chaos-11,Kitchen_Cable_Chaos-11
Mountaineers,389,Mountaineers-13,Mountaineers-13
Dome Construction,390,Dome_Construction-1,Dome_Construction-1
Running Steps,391,Running_Steps-2,Running_Steps-2
Feeding Seals,392,Feeding_Seals-3,Feeding_Seals-3
Farey Sequence Length,393,Farey_Sequence_Length-4,Farey_Sequence_Length-4
A Rational Sequence,394,A_Rational_Sequence-5,A_Rational_Sequence-5
Robots,395,Robots-6,Robots-6
Compositions,396,Compositions-7,Compositions-7
Brocard Point of a Triangle,397,Brocard_Point_of_a_Triangle-8,Brocard_Point_of_a_Triangle-8
Integral Pyramid,398,Integral_Pyramid-9,Integral_Pyramid-9
Jammed Gym,399,Jammed_Gym-10,Jammed_Gym-10
Automatic Accountant,400,Automatic_Accountant-1,Automatic_Accountant-1
Ballpark Estimate,401,Ballpark_Estimate-2,Ballpark_Estimate-2
Crooked Dealing,402,Crooked_Dealing-3,Crooked_Dealing-3
Estate Agent,403,Estate_Agent-5,Estate_Agent-5
Grand Central Station,404,Grand_Central_Station-7,Grand_Central_Station-7
Hat Stand,405,Hat_Stand-8,Hat_Stand-8
Knocked Ink,406,Knocked_Ink-11,Knocked_Ink-11
Low Effort League,407,Low_Effort_League-12,Low_Effort_League-12
Mosaic Mansion,408,Mosaic_Mansion-13,Mosaic_Mansion-13
New Crane Construction,409,New_Crane_Construction-14,New_Crane_Construction-14
An Odd Sum,410,An_Odd_Sum-1,An_Odd_Sum-1
Best of Seven,411,Best_of_Seven-2,Best_of_Seven-2
Block Party,412,Block_Party-3,Block_Party-3
Canal Navigation,413,Canal_Navigation-4,Canal_Navigation-4
Bookshelf Building,414,Bookshelf_Building-5,Bookshelf_Building-5
Morse Enumeration,415,Morse_Enumeration-6,Morse_Enumeration-6
Flip Flow,416,Flip_Flow-7,Flip_Flow-7
Promoting Elves' Rights,417,Promoting_Elves_Rights-8,Promoting_Elves_Rights-8
Proper Subsets,418,Proper_Subsets-9,Proper_Subsets-9
Knightly Knowledge,419,Knightly_Knowledge-10,Knightly_Knowledge-10
Mixtape Management,420,Mixtape_Management-11,Mixtape_Management-11
Walking,421,Walking-12,Walking-12
Adolescent Architecture,422,Adolescent_Architecture-1,Adolescent_Architecture-1
Confined Catching,423,Confined_Catching-3,Confined_Catching-3
Decorative Dominoes,424,Decorative_Dominoes-4,Decorative_Dominoes-4
Exhausting Errands,425,Exhausting_Errands-5,Exhausting_Errands-5
Gravity Grid,426,Gravity_Grid-7,Gravity_Grid-7
Hectic Harbour,427,Hectic_Harbour-8,Hectic_Harbour-8
Impressive Integers,428,Impressive_Integers-9,Impressive_Integers-9
Jeopardised Journey,429,Jeopardised_Journey-10,Jeopardised_Journey-10
Lexicographical Lecturing,430,Lexicographical_Lecturing-12,Lexicographical_Lecturing-12
Cherry Blossom Counting,431,Cherry_Blossom_Counting-1,Cherry_Blossom_Counting-1
Snowpocalypse,432,Snowpocalypse-2,Snowpocalypse-2
Fizzy Buzzy Bears,433,Fizzy_Buzzy_Bears-3,Fizzy_Buzzy_Bears-3
Find your Easter Bunny Name,434,Find_your_Easter_Bunny_Name-4,Find_your_Easter_Bunny_Name-4
Triathalon Prediction,435,Triathalon_Prediction-5,Triathalon_Prediction-5
The Juggler's Fallacy,436,The_Jugglers_Fallacy-6,The_Jugglers_Fallacy-6
Downhill Marble Labyrinth,437,Downhill_Marble_Labyrinth-7,Downhill_Marble_Labyrinth-7
Snake Game,438,Snake_Game-8,Snake_Game-8
Tree Planting,439,Tree_Planting-9,Tree_Planting-9
Sum of Squares,440,Sum_of_Squares-10,Sum_of_Squares-10
Airport Coffee,441,Airport_Coffee-1,Airport_Coffee-1
Best Relay Team,442,Best_Relay_Team-2,Best_Relay_Team-2
Compass Card Sales,443,Compass_Card_Sales-3,Compass_Card_Sales-3
Distinctive Character,444,Distinctive_Character-4,Distinctive_Character-4
Emptying the Baltic,445,Emptying_the_Baltic-5,Emptying_the_Baltic-5
Fractal Tree,446,Fractal_Tree-6,Fractal_Tree-6
Galactic Collegiate Programming Contest,447,Galactic_Collegiate_Programming_Contest-7,Galactic_Collegiate_Programming_Contest-7
Hubtown,448,Hubtown-8,Hubtown-8
Import Spaghetti,449,Import_Spaghetti-9,Import_Spaghetti-9
Judging Moose,450,Judging_Moose-10,Judging_Moose-10
Kayaking Trip,451,Kayaking_Trip-11,Kayaking_Trip-11
Barbells,452,Barbells-1,Barbells-1
Buggy Robot,453,Buggy_Robot-2,Buggy_Robot-2
As Easy As C-A-B,454,As_Easy_As_C-A-B-3,As_Easy_As_C-A-B-3
Gravity,455,Gravity-4,Gravity-4
Histogram,456,Histogram-5,Histogram-5
Islands,457,Islands-6,Islands-6
Project Panoptes,458,Project_Panoptes-7,Project_Panoptes-7
Periodic Strings,459,Periodic_Strings-8,Periodic_Strings-8
Mismatched Socks,460,Mismatched_Socks-9,Mismatched_Socks-9
It Takes Three,461,It_Takes_Three-10,It_Takes_Three-10
Zigzag,462,Zigzag-11,Zigzag-11
Palindromes,463,Palindromes-1,Palindromes-1
Average,464,Average-2,Average-2
Substitutes,465,Substitutes-3,Substitutes-3
Blackboard,466,Blackboard-4,Blackboard-4
Quality,467,Quality-5,Quality-5
Chronic,468,Chronic-6,Chronic-6
Exchange,469,Exchange-7,Exchange-7
Mexican,470,Mexican-8,Mexican-8
Bali Sculptures,471,Bali_Sculptures-9,Bali_Sculptures-9
Jakarta Skyscrapers,472,Jakarta_Skyscrapers-10,Jakarta_Skyscrapers-10
Palembang Bridges,473,Palembang_Bridges-11,Palembang_Bridges-11
Exam,474,Exam-1,Exam-1
Goat Rope,475,Goat_Rope-2,Goat_Rope-2
Repeating Goldbachs,476,Repeating_Goldbachs-3,Repeating_Goldbachs-3
Illiteracy,477,Illiteracy-4,Illiteracy-4
Knockout,478,Knockout-5,Knockout-5
Rectangles,479,Rectangles-6,Rectangles-6
Random Index Vectors,480,Random_Index_Vectors-7,Random_Index_Vectors-7
Area Rug,481,Area_Rug-8,Area_Rug-8
Sculpture,482,Sculpture-9,Sculpture-9
Time Limits,483,Time_Limits-10,Time_Limits-10
To Tell the Truth,484,To_Tell_the_Truth-11,To_Tell_the_Truth-11
Trot,485,Trot-1,Trot-1
Reconstruction,486,Reconstruction-2,Reconstruction-2
Rhymc,487,Rhymc-3,Rhymc-3
Crossword,488,Crossword-4,Crossword-4
Boat,489,Boat-5,Boat-5
Fireworks,490,Fireworks-6,Fireworks-6
Lots of Triangles,491,Lots_of_Triangles-7,Lots_of_Triangles-7
Team Building,492,Team_Building-8,Team_Building-8
Lasers and Mirrors,493,Lasers_and_Mirrors-9,Lasers_and_Mirrors-9
Robotic Cow Herd,494,Robotic_Cow_Herd-10,Robotic_Cow_Herd-10
The Mountain of Gold?,495,The_Mountain_of_Gold-1,The_Mountain_of_Gold-1
Cryptoquote,496,Cryptoquote-2,Cryptoquote-2
Turtle Graphics,497,Turtle_Graphics-3,Turtle_Graphics-3
The Greatest Common Divisors,498,The_Greatest_Common_Divisors-4,The_Greatest_Common_Divisors-4
Jumping Game,499,Jumping_Game-5,Jumping_Game-5
Pantun Grader,500,Pantun_Grader-6,Pantun_Grader-6
Hari Merdeka,501,Hari_Merdeka-7,Hari_Merdeka-7
Tï¿½nel de Rata,502,Tnel_de_Rata-8,Tnel_de_Rata-8
Interstellar Love,503,Interstellar_Love-9,Interstellar_Love-9
Spokes Wheel,504,Spokes_Wheel-10,Spokes_Wheel-10
Balanced Photo,505,Balanced_Photo-1,Balanced_Photo-1
Cow Basic,506,Cow_Basic-2,Cow_Basic-2
Cow Navigation,507,Cow_Navigation-3,Cow_Navigation-3
Flipping Cards,508,Flipping_Cards-4,Flipping_Cards-4
Switch Grass,509,Switch_Grass-5,Switch_Grass-5
"Hoof, Paper, Scissors",510,Hoof_Paper_Scissors-6,Hoof_Paper_Scissors-6
Sheets,511,Sheets-8,Sheets-8
Strings,512,Strings-9,Strings-9
Tale,513,Tale-10,Tale-10
Potato Sacks,514,Potato_Sacks-1,Potato_Sacks-1
Hedwig's Ladder,515,Hedwigs_Ladder-3,Hedwigs_Ladder-3
Quick Change,516,Quick_Change-4,Quick_Change-4
What time is it anyway?,517,What_time_is_it_anyway-5,What_time_is_it_anyway-5
Left-Right-Win,518,Left-Right-Win-6,Left-Right-Win-6
Subprime Fibonacci Sequence,519,Subprime_Fibonacci_Sequence-8,Subprime_Fibonacci_Sequence-8
Possible Passwords,520,Possible_Passwords-9,Possible_Passwords-9
Pinemi Puzzles,521,Pinemi_Puzzles-10,Pinemi_Puzzles-10
